<?xml version="1.0" encoding="UTF-8"?>
<module rename-to="com.badlogic.gdx">
	<inherits name="com.esotericsoftware.TableLayout"/>
	<source path="gdx">
		<include name="graphics/g3d/Animation.java"/>
		<include name="graphics/g3d/Animator.java"/>
		<include name="LifecycleListener.java"/>
		<include name="Application.java"/>
		<include name="ApplicationAdapter.java"/>
		<include name="ApplicationListener.java"/>
		<include name="assets/AssetDescriptor.java"/>
		<include name="assets/AssetErrorListener.java"/>
		<include name="assets/loaders/AssetLoader.java"/>
		<include name="assets/AssetLoaderParameters.java"/>
		<include name="assets/loaders/AsynchronousAssetLoader.java"/>
		<include name="Audio.java"/>
		<include name="audio/AudioDevice.java"/>
		<include name="audio/AudioRecorder.java"/>
		<include name="utils/Base64Coder.java"/>
		<include name="src/com/esotericsoftware/tablelayout/BaseTableLayout.java"/>
		<include name="utils/BinaryHeap.java"/>
		<include name="graphics/g2d/BitmapFont.java"/>
		<include name="graphics/g2d/BitmapFontCache.java"/>
		<include name="graphics/g2d/Polygon*.java"/>
		<include name="assets/loaders/BitmapFontLoader.java"/>
		<include name="utils/BooleanArray.java"/>
		<include name="math/collision/BoundingBox.java"/>
		<include name="graphics/Camera.java"/>
		<include name="graphics/g3d/decals/CameraGroupStrategy.java"/>
		<include name="math/CatmullRomSpline.java"/>
		<include name="src/com/esotericsoftware/tablelayout/Cell.java"/>
		<include name="utils/CharArray.java"/>
		<include name="math/Circle.java"/>
		<include name="graphics/Color.java"/>
		<include name="utils/ComparableTimSort.java"/>
		<include name="graphics/g3d/decals/Decal.java"/>
		<include name="graphics/g3d/decals/DecalBatch.java"/>
		<include name="graphics/g3d/decals/DecalMaterial.java"/>
		<include name="graphics/g3d/decals/DefaultGroupStrategy.java"/>
		<include name="utils/Disposable.java"/>
		<include name="math/EarClippingTriangulator.java"/>
		<include name="graphics/g2d/EmptyNinePatch.java"/>
		<include name="assets/loaders/resolvers/ExternalFileHandleResolver.java"/>
		<include name="graphics/FPSLogger.java"/>
		<include name="assets/loaders/FileHandleResolver.java"/>
		<include name="Files.java"/>
		<include name="utils/FloatArray.java"/>
		<include name="graphics/glutils/FrameBuffer.java"/>
		<include name="math/Frustum.java"/>
		<include name="graphics/GL10.java"/>
		<include name="graphics/GL11.java"/>
		<include name="graphics/GL20.java"/>
		<include name="graphics/GLCommon.java"/>
		<include name="graphics/GLU.java"/>
		<include name="Game.java"/>
		<include name="Gdx.java"/>
		<include name="utils/GdxRuntimeException.java"/>
		<include name="input/GestureDetector.java"/>
		<include name="Graphics.java"/>
		<include name="graphics/g3d/decals/GroupPlug.java"/>
		<include name="graphics/g3d/decals/GroupStrategy.java"/>
		<include name="utils/IdentityMap.java"/>
		<include name="graphics/glutils/ImmediateModeRenderer.java"/>
		<include name="graphics/glutils/ImmediateModeRenderer10.java"/>
		<include name="graphics/glutils/ImmediateModeRenderer20.java"/>
		<include name="graphics/glutils/IndexBufferObjectSubData.java"/>
		<include name="graphics/glutils/IndexData.java"/>
		<include name="graphics/glutils/ShaderProgram.java"/>
		<include name="Input.java"/>
		<include name="InputAdapter.java"/>
		<include name="InputMultiplexer.java"/>
		<include name="InputProcessor.java"/>
		<include name="utils/IntArray.java"/>
		<include name="utils/IntMap.java"/>
		<include name="assets/loaders/resolvers/InternalFileHandleResolver.java"/>
		<include name="math/Interpolation.java"/>
		<include name="math/Intersector.java"/>
		<include name="utils/JsonReader.java"/>
		<include name="utils/JsonWriter.java"/>
		<include name="graphics/g3d/keyframed/Keyframe.java"/>
		<include name="graphics/g3d/keyframed/KeyframeAnimation.java"/>
		<include name="graphics/g3d/keyframed/KeyframeAnimator.java"/>
		<include name="graphics/g3d/keyframed/KeyframedModel.java"/>
		<include name="utils/Logger.java"/>
		<include name="utils/LongArray.java"/>
		<include name="utils/LongMap.java"/>
		<include name="graphics/g3d/loaders/md5/MD5Animation.java"/>
		<include name="graphics/g3d/loaders/md5/MD5AnimationInfo.java"/>
		<include name="graphics/g3d/loaders/md5/MD5Animator.java"/>
		<include name="graphics/g3d/loaders/md5/MD5Jni.java"/>
		<include name="graphics/g3d/loaders/md5/MD5Joints.java"/>
		<include name="graphics/g3d/loaders/md5/MD5Loader.java"/>
		<include name="graphics/g3d/loaders/md5/MD5Mesh.java"/>
		<include name="graphics/g3d/loaders/md5/MD5Model.java"/>
		<include name="graphics/g3d/loaders/md5/MD5Quaternion.java"/>
		<include name="graphics/g3d/loaders/md5/MD5Renderer.java"/>
		<include name="graphics/g3d/Material.java"/>
		<include name="math/MathUtils.java"/>
		<include name="math/Matrix3.java"/>
		<include name="graphics/Mesh.java"/>
		<include name="graphics/glutils/MipMapGenerator.java"/>
		<include name="graphics/g3d/loaders/ModelLoaderOld.java"/>
		<include name="audio/Music.java"/>
		<include name="assets/loaders/MusicLoader.java"/>
		<include name="graphics/g2d/NinePatch.java"/>
		<include name="graphics/g3d/loaders/obj/ObjLoader.java"/>
		<include name="utils/ObjectIntMap.java"/>
		<include name="utils/ObjectMap.java"/>
		<include name="utils/OrderedMap.java"/>
		<include name="graphics/OrthographicCamera.java"/>
		<include name="src/com/esotericsoftware/tablelayout/Value.java"/>
		<include name="graphics/g2d/ParticleEffectPool.java"/>
		<include name="graphics/g2d/ParticleEmitter.java"/>
		<include name="graphics/g2d/ParticleEmitterBox2D.java"/>
		<include name="graphics/PerspectiveCamera.java"/>
		<include name="assets/loaders/PixmapLoader.java"/>
		<include name="graphics/g2d/PixmapPacker.java"/>
		<include name="graphics/glutils/PixmapTextureData.java"/>
		<include name="math/Plane.java"/>
		<include name="graphics/g3d/decals/PluggableGroupStrategy.java"/>
		<include name="math/Polygon.java"/>
		<include name="utils/Pool.java"/>
		<include name="utils/Pools.java"/>
		<include name="utils/SnapshotArray.java"/>
		<include name="utils/PooledLinkedList.java"/>
		<include name="utils/DelayedRemovalArray.java"/>
		<include name="utils/Timer.java"/>
		<include name="utils/LittleEndianInputStream.java"/>
		<include name="Preferences.java"/>
		<include name="math/Quaternion.java"/>
		<include name="math/collision/Ray.java"/>
		<include name="math/Rectangle.java"/>
		<include name="assets/RefCountedContainer.java"/>
		<include name="utils/Scaling.java"/>
		<include name="Screen.java"/>
		<include name="math/collision/Segment.java"/>
		<include name="graphics/glutils/ShapeRenderer.java"/>
		<include name="graphics/g3d/decals/SimpleOrthoGroupStrategy.java"/>
		<include name="graphics/g2d/tiled/SimpleTileAtlas.java"/>
		<include name="assets/loaders/SkinLoader.java"/>
		<include name="utils/Sort.java"/>
		<include name="utils/SortedIntList.java"/>
		<include name="audio/Sound.java"/>
		<include name="assets/loaders/SoundLoader.java"/>
		<include name="math/collision/Sphere.java"/>
		<include name="graphics/g2d/Sprite.java"/>
		<include name="graphics/g2d/SpriteBatch.java"/>
		<include name="graphics/g2d/SpriteCache.java"/>
		<include name="assets/loaders/SynchronousAssetLoader.java"/>
		<include name="graphics/g2d/TextureAtlas.java"/>
		<include name="assets/loaders/TextureAtlasLoader.java"/>
		<include name="graphics/TextureData.java"/>
		<include name="graphics/TextureDict.java"/>
		<include name="graphics/TextureRef.java"/>
		<include name="graphics/g2d/TextureRegion.java"/>
		<include name="graphics/g2d/tiled/TileAtlas.java"/>
		<include name="assets/loaders/TileAtlasLoader.java"/>
		<include name="graphics/g2d/tiled/TileMapRenderer.java"/>
		<include name="graphics/g2d/tiled/TileSet.java"/>
		<include name="graphics/g2d/tiled/TiledLayer.java"/>
		<include name="graphics/g2d/tiled/TiledMap.java"/>
		<include name="graphics/g2d/tiled/TiledObject.java"/>
		<include name="graphics/g2d/tiled/TiledObjectGroup.java"/>
		<include name="utils/TimSort.java"/>
		<include name="src/com/esotericsoftware/tablelayout/Toolkit.java"/>
		<include name="math/Vector2.java"/>
		<include name="math/Vector3.java"/>
		<include name="Version.java"/>
		<include name="graphics/VertexAttribute.java"/>
		<include name="graphics/VertexAttributes.java"/>
		<include name="graphics/glutils/VertexBufferObjectSubData.java"/>
		<include name="graphics/glutils/VertexData.java"/>
		<include name="scenes/scene2d/ui/Widget.java"/>
		<include name="scenes/scene2d/ui/WidgetGroup.java"/>
		<include name="scenes/scene2d/ui/Window.java"/>
		<include name="math/WindowedMean.java"/>
		<include name="utils/XmlReader.java"/>
		<include name="utils/XmlWriter.java"/>
		<include name="utils/Clipboard.java"/>
		<include name="graphics/g2d/Animation.java"/>
		<include name="graphics/g3d/Animation.java"/>
		
		<include name="utils/StringBuilder.java"/>
		<include name="utils/compression/CRC.java"/>
		<include name="utils/compression/ICodeProgress.java"/>
		<include name="utils/compression/Lzma.java"/>
		<include name="utils/compression/lz/BinTree.java"/>
		<include name="utils/compression/lz/InWindow.java"/>
		<include name="utils/compression/lz/OutWindow.java"/>		
		<include name="utils/compression/lzma/Base.java"/>
		<include name="utils/compression/lzma/Decoder.java"/>
		<include name="utils/compression/lzma/Encoder.java"/>
		<include name="utils/compression/rangecoder/BitTreeDecoder.java"/>
		<include name="utils/compression/rangecoder/BitTreeEncoder.java"/>
		<include name="utils/compression/rangecoder/Decoder.java"/>
		<include name="utils/compression/rangecoder/Encoder.java"/>		
		
		<include name="scenes/scene2d/Action.java"/>
		<include name="scenes/scene2d/actions/*.java"/>
		<include name="scenes/scene2d/Actor.java"/>
		<include name="scenes/scene2d/InputEvent.java"/>
		<include name="scenes/scene2d/Touchable.java"/>
		<include name="scenes/scene2d/InputListener.java"/>
		<include name="scenes/scene2d/Event.java"/>
		<include name="scenes/scene2d/EventListener.java"/>
		<include name="scenes/scene2d/Group.java"/>
		<include name="scenes/scene2d/Stage.java"/>
		<include name="scenes/scene2d/ui/Button.java"/>
		<include name="scenes/scene2d/ui/ButtonGroup.java"/>
		<include name="scenes/scene2d/ui/CheckBox.java"/>
		<include name="scenes/scene2d/ui/Dialog.java"/>
		<include name="scenes/scene2d/ui/Image.java"/>
		<include name="scenes/scene2d/ui/ImageButton.java"/>
		<include name="scenes/scene2d/ui/ImageTextButton.java"/>
		<include name="scenes/scene2d/ui/Label.java"/>		
		<include name="scenes/scene2d/ui/List.java"/>
		<include name="scenes/scene2d/ui/ScrollPane.java"/>
		<include name="scenes/scene2d/ui/SelectBox.java"/>
		<include name="scenes/scene2d/ui/Slider.java"/>
		<include name="scenes/scene2d/ui/SplitPane.java"/>
		<include name="scenes/scene2d/ui/Stack.java"/>
		<include name="scenes/scene2d/ui/Table.java"/>
		<include name="scenes/scene2d/ui/TableLayout.java"/>
		<include name="scenes/scene2d/ui/TextButton.java"/>
		<include name="scenes/scene2d/ui/TextField.java"/>
		<include name="scenes/scene2d/ui/Tree.java"/>
		<include name="scenes/scene2d/ui/VerticalGroup.java"/>
		<include name="scenes/scene2d/ui/Widget.java"/>
		<include name="scenes/scene2d/ui/WidgetGroup.java"/>
		<include name="scenes/scene2d/ui/Window.java"/>
		<include name="scenes/scene2d/ui/Touchpad.java"/>
		<include name="scenes/scene2d/utils/ActorGestureListener.java"/>
		<include name="scenes/scene2d/utils/Align.java"/>
		<include name="scenes/scene2d/utils/BaseDrawable.java"/>
		<include name="scenes/scene2d/utils/ChangeListener.java"/>
		<include name="scenes/scene2d/utils/ClickListener.java"/>
		<include name="scenes/scene2d/utils/Cullable.java"/>
		<include name="scenes/scene2d/utils/Drawable.java"/>
		<include name="scenes/scene2d/utils/EmptyDrawable.java"/>
		<include name="scenes/scene2d/utils/FocusListener.java"/>
		<include name="scenes/scene2d/utils/Layout.java"/>
		<include name="scenes/scene2d/utils/NinePatchDrawable.java"/>
		<include name="scenes/scene2d/utils/PressedListener.java"/>
		<include name="scenes/scene2d/utils/ScissorStack.java"/>
		<include name="scenes/scene2d/utils/SpriteDrawable.java"/>
		<include name="scenes/scene2d/utils/TextureDrawable.java"/>
		<include name="scenes/scene2d/utils/TextureRegionDrawable.java"/>		
		<include name="scenes/scene2d/utils/TiledDrawable.java"/>
		<include name="scenes/scene2d/utils/DragAndDrop.java"/>
		<include name="scenes/scene2d/utils/DragListener.java"/>
		
		<include name="Net.java"/>
		<include name="net/ServerSocket.java"/>
		<include name="net/ServerSocketHints.java"/>
		<include name="net/Socket.java"/>
		<include name="net/SocketHints.java"/>
		<include name="graphics/g3d/**/*"/>
	</source>
</module>
